{
  "main": {
    "id": "b17b4c955a49b2af",
    "type": "split",
    "children": [
      {
        "id": "8b66918d2ec91c52",
        "type": "tabs",
        "children": [
          {
            "id": "7b7f6e682a507cf9",
            "type": "leaf",
            "state": {
              "type": "markdown",
              "state": {
                "file": "- Large Note.md",
                "mode": "source",
                "source": false
              }
            }
          }
        ]
      }
    ],
    "direction": "vertical"
  },
  "left": {
    "id": "8e86b99275e24f15",
    "type": "split",
    "children": [
      {
        "id": "6695571ac9b0ef60",
        "type": "tabs",
        "children": [
          {
            "id": "529d17e5d16ca4d4",
            "type": "leaf",
            "state": {
              "type": "file-explorer",
              "state": {
                "sortOrder": "alphabetical"
              }
            }
          },
          {
            "id": "7e167d71b41a7bbb",
            "type": "leaf",
            "state": {
              "type": "search",
              "state": {
                "query": "",
                "matchingCase": false,
                "explainSearch": false,
                "collapseAll": false,
                "extraContext": false,
                "sortOrder": "alphabetical"
              }
            }
          },
          {
            "id": "322e770468033475",
            "type": "leaf",
            "state": {
              "type": "bookmarks",
              "state": {}
            }
          }
        ]
      }
    ],
    "direction": "horizontal",
    "width": 300
  },
  "right": {
    "id": "0f986fb03ed4afee",
    "type": "split",
    "children": [
      {
        "id": "71375e36e3103c93",
        "type": "tabs",
        "children": [
          {
            "id": "b37e296eef126733",
            "type": "leaf",
            "state": {
              "type": "backlink",
              "state": {
                "file": "- Large Note.md",
                "collapseAll": false,
                "extraContext": false,
                "sortOrder": "alphabetical",
                "showSearch": false,
                "searchQuery": "",
                "backlinkCollapsed": false,
                "unlinkedCollapsed": true
              }
            }
          },
          {
            "id": "2c4792e201755344",
            "type": "leaf",
            "state": {
              "type": "outgoing-link",
              "state": {
                "file": "- Large Note.md",
                "linksCollapsed": false,
                "unlinkedCollapsed": true
              }
            }
          },
          {
            "id": "d6fe2997a824feef",
            "type": "leaf",
            "state": {
              "type": "tag",
              "state": {
                "sortOrder": "frequency",
                "useHierarchy": true
              }
            }
          },
          {
            "id": "b80e9defd27bd324",
            "type": "leaf",
            "state": {
              "type": "outline",
              "state": {
                "file": "- Large Note.md"
              }
            }
          }
        ],
        "currentTab": 3
      }
    ],
    "direction": "horizontal",
    "width": 300
  },
  "left-ribbon": {
    "hiddenItems": {
      "switcher:Open quick switcher": false,
      "graph:Open graph view": false,
      "canvas:Create new canvas": false,
      "daily-notes:Open today's daily note": false,
      "templates:Insert template": false,
      "command-palette:Open command palette": false
    }
  },
  "active": "7b7f6e682a507cf9",
  "lastOpenFiles": [
    "- Large Note.md",
    "E.md.gz",
    "A.md.gz",
    "D.md.gz",
    "- Quoted.md.gz",
    "O.md.gz",
    "S.md.gz",
    "K.md.gz",
    "R.md.gz",
    "J.md.gz",
    "V.md.gz",
    "P.md",
    "L.md",
    "M.md",
    "- Quoted.md",
    "K.md",
    "A.md",
    "J.md",
    "H.md",
    "N.md",
    "V.md",
    "U.md",
    "T.md",
    "S.md",
    "R.md",
    "Q.md",
    "O.md",
    "I.md",
    "G.md",
    "F.md",
    "E.md",
    "D.md",
    "C.md",
    "B.md",
    "Prolematic.md"
  ]
}